
{
  "weights": [
    0.23915918810972847,
    0.015273485035763682,
    0.08774384436068526,
    0.0048600625471436065
  ],
  "loss_history": [
    0.107902,
    0.103425,
    0.099156,
    0.095084,
    0.0912,
    0.087496,
    0.083963,
    0.080594,
    0.07738,
    0.074315,
    0.071392,
    0.068603,
    0.065944,
    0.063408,
    0.060989,
    0.058682,
    0.056481,
    0.054382,
    0.052381,
    0.050471,
    0.04865,
    0.046913,
    0.045257,
    0.043677,
    0.04217,
    0.040732,
    0.039361,
    0.038054,
    0.036807,
    0.035617,
    0.034482,
    0.0334,
    0.032368,
    0.031383,
    0.030444,
    0.029549,
    0.028694,
    0.027879,
    0.027102,
    0.02636,
    0.025653,
    0.024979,
    0.024335,
    0.023721,
    0.023136,
    0.022577,
    0.022045,
    0.021536,
    0.021052,
    0.020589,
    0.020148,
    0.019727,
    0.019326,
    0.018943,
    0.018578,
    0.018229,
    0.017897,
    0.01758,
    0.017277,
    0.016989,
    0.016713,
    0.01645,
    0.0162,
    0.015961,
    0.015732,
    0.015515,
    0.015307,
    0.015109,
    0.01492,
    0.014739,
    0.014567,
    0.014403,
    0.014246,
    0.014096,
    0.013954,
    0.013817,
    0.013687,
    0.013563,
    0.013445,
    0.013331,
    0.013224,
    0.013121,
    0.013022,
    0.012928,
    0.012839,
    0.012753,
    0.012671,
    0.012593,
    0.012519,
    0.012448,
    0.01238,
    0.012315
  ],
  "epochs_run": 92,
  "final_loss": 0.012315,
  "r_squared": -0.1948,
  "max_crimes": 42,
  "max_visitors": 8
}